Fund Name,P1,P2,P3,P4,P5,Topsis Score,Rank
M1,0.87,0.76,5.3,40.8,11.93,0.4032426387744438,5
M2,0.67,0.45,6.5,37.1,11.18,0.07949717269856052,8
M3,0.92,0.85,5.7,56.4,15.97,0.6808890075144287,1
M4,0.79,0.62,3.9,36.6,10.48,0.34072325290729966,6
M5,0.81,0.66,5.1,60.8,16.84,0.6770401250539686,2
M6,0.95,0.9,4.2,35.8,10.46,0.45236884382851217,4
M7,0.69,0.48,5.9,46.7,13.44,0.3276010529771264,7
M8,0.65,0.42,3.0,52.2,14.07,0.5038837581706335,3
